district,population,mobility_score,pt_access,walkability,poi_access,green_access,intersection_density
Mitte,22000,0.85,89.41022917474133,80.24791282145578,50.339392964606795,30.25195219492254,1.6284266034278678
Bad Cannstatt,70000,0.72,62.49074604753537,56.90806965871656,48.72404225075264,32.3482551200002,1.4534712084807813
Degerloch,17000,0.68,60.22661240326725,76.76308729615621,79.82440417497725,40.26207227577022,1.5687255901137613
Feuerbach,28000,0.75,66.37251709665736,75.03690999009518,56.630121246791894,37.17508820293813,1.2387515316340345
Vaihingen,33000,0.7,78.61121443659768,67.81335740258925,51.92979367034915,56.151948495703834,1.0470130687045331
Zuffenhausen,36000,0.65,72.60548901422321,62.713382393778,47.39506751045807,50.731309126699045,0.5172109040175386
